student_id,name,age,gender,course,year_of_study,cgpa,sleep_hours,stress_level,anxiety_level,depression_score,exercise_days,family_support,screen_time_hours,mood_rating
1,Aarav Sharma,20,Male,Computer Science,2,8.5,8.0,3,2,1,5,9,3.0,9
2,Priya Patel,21,Female,Psychology,3,8.1,7.5,2,3,2,4,8,2.5,8
3,Rohan Mehta,19,Male,Mechanical Engineering,1,7.8,8.5,3,2,1,6,9,2.0,9
4,Sneha Iyer,22,Female,Data Science,4,8.9,7.0,4,3,2,5,8,3.0,8
5,Karan Gupta,20,Male,Business Administration,2,7.5,8.0,3,2,2,4,7,3.5,8
6,Ananya Reddy,21,Female,Computer Science,3,6.8,6.5,6,5,5,3,6,5.0,5
7,Vijay Nair,22,Male,Civil Engineering,4,6.2,6.0,7,6,5,2,5,6.0,5
8,Divya Joshi,19,Female,Arts,1,7.1,6.5,5,5,4,3,6,5.5,6
9,Arjun Singh,20,Male,Data Science,2,6.9,6.0,6,6,5,2,5,5.0,5
10,Meera Pillai,23,Female,Medicine,5,7.4,5.5,7,6,6,2,6,6.0,5
11,Siddharth Rao,21,Male,Commerce,3,6.5,6.0,6,5,5,3,5,5.5,5
12,Kavya Menon,20,Female,Psychology,2,7.3,6.5,5,4,4,3,7,4.5,6
13,Nikhil Verma,22,Male,Computer Science,4,6.0,6.0,7,6,5,2,5,6.0,4
14,Aditi Chandra,19,Female,Law,1,7.6,6.5,5,5,4,3,6,5.0,6
15,Rahul Bose,21,Male,Mechanical Engineering,3,6.7,6.0,6,6,5,2,5,5.5,5
16,Shreya Kapoor,20,Female,Medicine,2,5.5,4.5,9,8,8,1,3,9.0,2
17,Amit Kumar,22,Male,Computer Science,4,5.2,4.0,9,9,9,0,2,10.0,1
18,Nisha Tiwari,21,Female,Arts,3,5.8,4.5,8,8,8,1,3,8.5,2
19,Deepak Yadav,23,Male,Civil Engineering,5,4.9,4.0,9,9,9,0,2,10.5,1
20,Pooja Mishra,19,Female,Commerce,1,5.4,4.5,8,8,8,1,3,9.0,2
21,Varun Saxena,21,Male,Data Science,3,5.7,5.0,8,7,8,1,3,8.0,2
22,Ritika Das,20,Female,Psychology,2,5.1,4.5,9,9,9,0,2,10.0,1
23,Suresh Pandey,22,Male,Law,4,5.3,4.0,9,8,8,0,2,9.5,2
24,Manisha Ghosh,21,Female,Business Administration,3,5.6,5.0,8,7,7,1,3,8.5,3
25,Tejas Malhotra,19,Male,Mechanical Engineering,1,6.1,5.5,7,7,7,2,4,7.0,3
26,Lakshmi Subramaniam,22,Female,Data Science,4,7.2,7.0,4,4,3,4,7,4.5,7
27,Akash Dubey,20,Male,Computer Science,2,6.4,6.5,6,5,4,3,6,5.5,5
28,Preeti Aggarwal,21,Female,Medicine,3,6.8,7.0,5,4,4,3,7,4.5,6
29,Harish Nanda,23,Male,Psychology,5,7.0,7.5,4,3,3,4,7,4.0,7
30,Shweta Rajput,20,Female,Commerce,2,6.6,6.5,5,5,4,3,6,5.0,6
